Gene,logFC,adj.P.Val,sig_up,sig_down
Bub1,1.3350920197252423,0.023478178854300733,TRUE,FALSE
Cenpi,1.579934101775717,0.02402884468577471,TRUE,FALSE
Esco2,1.9410165845892053,0.03370580140610914,TRUE,FALSE
Rpl36-ps12,-1.4070998444671377,0.024629542147386174,FALSE,TRUE
